n_vertices,n_edges,edge_density_percent,exact_clique_size,exact_weight,exact_time_seconds,exact_operations,exact_configurations,greedy_clique_size,greedy_weight,greedy_time_seconds,greedy_operations,greedy_configurations,precision_percent,speedup_factor
4,0,12.5,1,98.90733642457829,3.346800076542422e-05,11,16,,,,,,,
4,1,12.5,1,92.52870623943173,2.24980030907318e-05,11,16,,,,,,,
4,3,50.0,2,110.15909142922877,2.3923999833641574e-05,11,16,,,,,,,
4,4,75.0,2,176.78033772302507,2.1997999283485115e-05,17,16,,,,,,,
5,1,12.5,2,167.16528683352777,3.757599915843457e-05,26,32,,,,,,,
5,2,25.0,2,139.41780855405162,2.9009999707341194e-05,34,32,,,,,,,
5,5,50.0,3,248.8237805440691,3.3700001949910074e-05,45,32,,,,,,,
5,7,75.0,3,166.4118713401411,4.248600089340471e-05,47,32,,,,,,,
